Sample Name,GM12878_rnapii_chiapet_rep1,GM12878_rnapii_chiapet_rep2,HEK293T_rnapii_chiapet_rep1
GM12878_rnapii_chiapet_rep1,0,0.6284520628749131,0.09766636310528279
GM12878_rnapii_chiapet_rep2,0.6284520628749131,0,0.15172065057821713
HEK293T_rnapii_chiapet_rep1,0.09766636310528279,0.15172065057821713,0
